,type,release_year,rating,count
0,1,2020,TV-MA,256
1,1,2020,R,0
2,1,2020,PG-13,0
3,1,2020,TV-14,89
4,1,2020,TV-PG,35
5,1,2020,NR,0
6,1,2020,TV-G,19
7,1,2020,TV-Y,33
8,1,2020,,0
9,1,2020,TV-Y7,25
10,1,2020,PG,0
11,1,2020,G,0
12,1,2020,NC-17,0
13,1,2020,TV-Y7-FV,0
14,1,2020,UR,0
15,1,2016,TV-MA,66
16,1,2016,R,1
17,1,2016,PG-13,0
18,1,2016,TV-14,77
19,1,2016,TV-PG,45
20,1,2016,NR,0
21,1,2016,TV-G,9
22,1,2016,TV-Y,22
23,1,2016,,0
24,1,2016,TV-Y7,20
25,1,2016,PG,0
26,1,2016,G,0
27,1,2016,NC-17,0
28,1,2016,TV-Y7-FV,0
29,1,2016,UR,0
30,1,2011,TV-MA,7
31,1,2011,R,0
32,1,2011,PG-13,0
33,1,2011,TV-14,17
34,1,2011,TV-PG,7
35,1,2011,NR,0
36,1,2011,TV-G,1
37,1,2011,TV-Y,4
38,1,2011,,0
39,1,2011,TV-Y7,3
40,1,2011,PG,0
41,1,2011,G,0
42,1,2011,NC-17,0
43,1,2011,TV-Y7-FV,0
44,1,2011,UR,0
45,1,2009,TV-MA,10
46,1,2009,R,0
47,1,2009,PG-13,0
48,1,2009,TV-14,14
49,1,2009,TV-PG,6
50,1,2009,NR,0
51,1,2009,TV-G,1
52,1,2009,TV-Y,1
53,1,2009,,0
54,1,2009,TV-Y7,2
55,1,2009,PG,0
56,1,2009,G,0
57,1,2009,NC-17,0
58,1,2009,TV-Y7-FV,0
59,1,2009,UR,0
60,1,2008,TV-MA,5
61,1,2008,R,0
62,1,2008,PG-13,0
63,1,2008,TV-14,10
64,1,2008,TV-PG,3
65,1,2008,NR,0
66,1,2008,TV-G,2
67,1,2008,TV-Y,1
68,1,2008,,0
69,1,2008,TV-Y7,2
70,1,2008,PG,0
71,1,2008,G,0
72,1,2008,NC-17,0
73,1,2008,TV-Y7-FV,0
74,1,2008,UR,0
75,1,2019,TV-MA,228
76,1,2019,R,0
77,1,2019,PG-13,0
78,1,2019,TV-14,96
79,1,2019,TV-PG,37
80,1,2019,NR,0
81,1,2019,TV-G,9
82,1,2019,TV-Y,22
83,1,2019,,0
84,1,2019,TV-Y7,22
85,1,2019,PG,0
86,1,2019,G,0
87,1,2019,NC-17,0
88,1,2019,TV-Y7-FV,0
89,1,2019,UR,0
90,1,1997,TV-MA,0
91,1,1997,R,0
92,1,1997,PG-13,0
93,1,1997,TV-14,0
94,1,1997,TV-PG,0
95,1,1997,NR,0
96,1,1997,TV-G,2
97,1,1997,TV-Y,1
98,1,1997,,0
99,1,1997,TV-Y7,1
100,1,1997,PG,0
101,1,1997,G,0
102,1,1997,NC-17,0
103,1,1997,TV-Y7-FV,0
104,1,1997,UR,0
105,1,2017,TV-MA,117
106,1,2017,R,0
107,1,2017,PG-13,0
108,1,2017,TV-14,69
109,1,2017,TV-PG,32
110,1,2017,NR,0
111,1,2017,TV-G,6
112,1,2017,TV-Y,18
113,1,2017,,0
114,1,2017,TV-Y7,26
115,1,2017,PG,0
116,1,2017,G,0
117,1,2017,NC-17,0
118,1,2017,TV-Y7-FV,0
119,1,2017,UR,0
120,1,2018,TV-MA,196
121,1,2018,R,0
122,1,2018,PG-13,0
123,1,2018,TV-14,91
124,1,2018,TV-PG,36
125,1,2018,NR,0
126,1,2018,TV-G,7
127,1,2018,TV-Y,29
128,1,2018,,0
129,1,2018,TV-Y7,28
130,1,2018,PG,0
131,1,2018,G,0
132,1,2018,NC-17,0
133,1,2018,TV-Y7-FV,0
134,1,2018,UR,0
135,1,2014,TV-MA,19
136,1,2014,R,0
137,1,2014,PG-13,0
138,1,2014,TV-14,33
139,1,2014,TV-PG,22
140,1,2014,NR,0
141,1,2014,TV-G,3
142,1,2014,TV-Y,9
143,1,2014,,0
144,1,2014,TV-Y7,3
145,1,2014,PG,0
146,1,2014,G,0
147,1,2014,NC-17,0
148,1,2014,TV-Y7-FV,1
149,1,2014,UR,0
150,1,2015,TV-MA,48
151,1,2015,R,1
152,1,2015,PG-13,0
153,1,2015,TV-14,56
154,1,2015,TV-PG,27
155,1,2015,NR,1
156,1,2015,TV-G,5
157,1,2015,TV-Y,10
158,1,2015,,0
159,1,2015,TV-Y7,10
160,1,2015,PG,0
161,1,2015,G,0
162,1,2015,NC-17,0
163,1,2015,TV-Y7-FV,0
164,1,2015,UR,0
165,1,2010,TV-MA,9
166,1,2010,R,0
167,1,2010,PG-13,0
168,1,2010,TV-14,14
169,1,2010,TV-PG,10
170,1,2010,NR,0
171,1,2010,TV-G,0
172,1,2010,TV-Y,2
173,1,2010,,0
174,1,2010,TV-Y7,2
175,1,2010,PG,0
176,1,2010,G,0
177,1,2010,NC-17,0
178,1,2010,TV-Y7-FV,0
179,1,2010,UR,0
180,1,2005,TV-MA,3
181,1,2005,R,0
182,1,2005,PG-13,0
183,1,2005,TV-14,5
184,1,2005,TV-PG,1
185,1,2005,NR,0
186,1,2005,TV-G,0
187,1,2005,TV-Y,0
188,1,2005,,0
189,1,2005,TV-Y7,3
190,1,2005,PG,0
191,1,2005,G,0
192,1,2005,NC-17,0
193,1,2005,TV-Y7-FV,0
194,1,2005,UR,0
195,1,2013,TV-MA,17
196,1,2013,R,0
197,1,2013,PG-13,0
198,1,2013,TV-14,22
199,1,2013,TV-PG,9
200,1,2013,NR,3
201,1,2013,TV-G,8
202,1,2013,TV-Y,0
203,1,2013,,0
204,1,2013,TV-Y7,5
205,1,2013,PG,0
206,1,2013,G,0
207,1,2013,NC-17,0
208,1,2013,TV-Y7-FV,0
209,1,2013,UR,0
210,1,2012,TV-MA,13
211,1,2012,R,0
212,1,2012,PG-13,0
213,1,2012,TV-14,25
214,1,2012,TV-PG,13
215,1,2012,NR,0
216,1,2012,TV-G,1
217,1,2012,TV-Y,6
218,1,2012,,0
219,1,2012,TV-Y7,3
220,1,2012,PG,0
221,1,2012,G,0
222,1,2012,NC-17,0
223,1,2012,TV-Y7-FV,0
224,1,2012,UR,0
225,1,2006,TV-MA,4
226,1,2006,R,0
227,1,2006,PG-13,0
228,1,2006,TV-14,6
229,1,2006,TV-PG,2
230,1,2006,NR,0
231,1,2006,TV-G,0
232,1,2006,TV-Y,0
233,1,2006,,0
234,1,2006,TV-Y7,1
235,1,2006,PG,0
236,1,2006,G,0
237,1,2006,NC-17,0
238,1,2006,TV-Y7-FV,0
239,1,2006,UR,0
240,1,2000,TV-MA,0
241,1,2000,R,0
242,1,2000,PG-13,0
243,1,2000,TV-14,0
244,1,2000,TV-PG,2
245,1,2000,NR,0
246,1,2000,TV-G,0
247,1,2000,TV-Y,0
248,1,2000,,0
249,1,2000,TV-Y7,2
250,1,2000,PG,0
251,1,2000,G,0
252,1,2000,NC-17,0
253,1,2000,TV-Y7-FV,0
254,1,2000,UR,0
255,1,2003,TV-MA,0
256,1,2003,R,0
257,1,2003,PG-13,0
258,1,2003,TV-14,5
259,1,2003,TV-PG,2
260,1,2003,NR,0
261,1,2003,TV-G,0
262,1,2003,TV-Y,0
263,1,2003,,0
264,1,2003,TV-Y7,2
265,1,2003,PG,0
266,1,2003,G,0
267,1,2003,NC-17,0
268,1,2003,TV-Y7-FV,0
269,1,2003,UR,0
270,1,1989,TV-MA,0
271,1,1989,R,0
272,1,1989,PG-13,0
273,1,1989,TV-14,0
274,1,1989,TV-PG,0
275,1,1989,NR,0
276,1,1989,TV-G,0
277,1,1989,TV-Y,0
278,1,1989,,0
279,1,1989,TV-Y7,1
280,1,1989,PG,0
281,1,1989,G,0
282,1,1989,NC-17,0
283,1,1989,TV-Y7-FV,0
284,1,1989,UR,0
285,1,2004,TV-MA,2
286,1,2004,R,0
287,1,2004,PG-13,0
288,1,2004,TV-14,3
289,1,2004,TV-PG,1
290,1,2004,NR,1
291,1,2004,TV-G,0
292,1,2004,TV-Y,1
293,1,2004,,0
294,1,2004,TV-Y7,1
295,1,2004,PG,0
296,1,2004,G,0
297,1,2004,NC-17,0
298,1,2004,TV-Y7-FV,0
299,1,2004,UR,0
300,1,1977,TV-MA,0
301,1,1977,R,0
302,1,1977,PG-13,0
303,1,1977,TV-14,0
304,1,1977,TV-PG,1
305,1,1977,NR,0
306,1,1977,TV-G,0
307,1,1977,TV-Y,0
308,1,1977,,0
309,1,1977,TV-Y7,0
310,1,1977,PG,0
311,1,1977,G,0
312,1,1977,NC-17,0
313,1,1977,TV-Y7-FV,0
314,1,1977,UR,0
315,1,1971,TV-MA,0
316,1,1971,R,0
317,1,1971,PG-13,0
318,1,1971,TV-14,0
319,1,1971,TV-PG,0
320,1,1971,NR,0
321,1,1971,TV-G,0
322,1,1971,TV-Y,0
323,1,1971,,0
324,1,1971,TV-Y7,0
325,1,1971,PG,0
326,1,1971,G,0
327,1,1971,NC-17,0
328,1,1971,TV-Y7-FV,0
329,1,1971,UR,0
330,1,1993,TV-MA,1
331,1,1993,R,0
332,1,1993,PG-13,0
333,1,1993,TV-14,0
334,1,1993,TV-PG,1
335,1,1993,NR,0
336,1,1993,TV-G,1
337,1,1993,TV-Y,0
338,1,1993,,0
339,1,1993,TV-Y7,1
340,1,1993,PG,0
341,1,1993,G,0
342,1,1993,NC-17,0
343,1,1993,TV-Y7-FV,0
344,1,1993,UR,0
345,1,2007,TV-MA,4
346,1,2007,R,0
347,1,2007,PG-13,0
348,1,2007,TV-14,4
349,1,2007,TV-PG,1
350,1,2007,NR,0
351,1,2007,TV-G,0
352,1,2007,TV-Y,1
353,1,2007,,0
354,1,2007,TV-Y7,3
355,1,2007,PG,0
356,1,2007,G,0
357,1,2007,NC-17,0
358,1,2007,TV-Y7-FV,0
359,1,2007,UR,0
360,1,1998,TV-MA,0
361,1,1998,R,0
362,1,1998,PG-13,0
363,1,1998,TV-14,1
364,1,1998,TV-PG,0
365,1,1998,NR,0
366,1,1998,TV-G,2
367,1,1998,TV-Y,0
368,1,1998,,0
369,1,1998,TV-Y7,1
370,1,1998,PG,0
371,1,1998,G,0
372,1,1998,NC-17,0
373,1,1998,TV-Y7-FV,0
374,1,1998,UR,0
375,1,1988,TV-MA,0
376,1,1988,R,0
377,1,1988,PG-13,0
378,1,1988,TV-14,0
379,1,1988,TV-PG,2
380,1,1988,NR,0
381,1,1988,TV-G,0
382,1,1988,TV-Y,0
383,1,1988,,0
384,1,1988,TV-Y7,0
385,1,1988,PG,0
386,1,1988,G,0
387,1,1988,NC-17,0
388,1,1988,TV-Y7-FV,0
389,1,1988,UR,0
390,1,1996,TV-MA,0
391,1,1996,R,0
392,1,1996,PG-13,0
393,1,1996,TV-14,0
394,1,1996,TV-PG,1
395,1,1996,NR,0
396,1,1996,TV-G,0
397,1,1996,TV-Y,0
398,1,1996,,0
399,1,1996,TV-Y7,2
400,1,1996,PG,0
401,1,1996,G,0
402,1,1996,NC-17,0
403,1,1996,TV-Y7-FV,0
404,1,1996,UR,0
405,1,2002,TV-MA,1
406,1,2002,R,0
407,1,2002,PG-13,0
408,1,2002,TV-14,3
409,1,2002,TV-PG,1
410,1,2002,NR,0
411,1,2002,TV-G,0
412,1,2002,TV-Y,0
413,1,2002,,0
414,1,2002,TV-Y7,1
415,1,2002,PG,0
416,1,2002,G,0
417,1,2002,NC-17,0
418,1,2002,TV-Y7-FV,0
419,1,2002,UR,0
420,1,1986,TV-MA,0
421,1,1986,R,0
422,1,1986,PG-13,0
423,1,1986,TV-14,2
424,1,1986,TV-PG,0
425,1,1986,NR,0
426,1,1986,TV-G,0
427,1,1986,TV-Y,0
428,1,1986,,0
429,1,1986,TV-Y7,0
430,1,1986,PG,0
431,1,1986,G,0
432,1,1986,NC-17,0
433,1,1986,TV-Y7-FV,0
434,1,1986,UR,0
435,1,1990,TV-MA,0
436,1,1990,R,0
437,1,1990,PG-13,0
438,1,1990,TV-14,2
439,1,1990,TV-PG,1
440,1,1990,NR,0
441,1,1990,TV-G,0
442,1,1990,TV-Y,0
443,1,1990,,0
444,1,1990,TV-Y7,0
445,1,1990,PG,0
446,1,1990,G,0
447,1,1990,NC-17,0
448,1,1990,TV-Y7-FV,0
449,1,1990,UR,0
450,1,1979,TV-MA,0
451,1,1979,R,0
452,1,1979,PG-13,0
453,1,1979,TV-14,0
454,1,1979,TV-PG,1
455,1,1979,NR,0
456,1,1979,TV-G,0
457,1,1979,TV-Y,0
458,1,1979,,0
459,1,1979,TV-Y7,0
460,1,1979,PG,0
461,1,1979,G,0
462,1,1979,NC-17,0
463,1,1979,TV-Y7-FV,0
464,1,1979,UR,0
465,1,1980,TV-MA,0
466,1,1980,R,0
467,1,1980,PG-13,0
468,1,1980,TV-14,0
469,1,1980,TV-PG,0
470,1,1980,NR,0
471,1,1980,TV-G,0
472,1,1980,TV-Y,0
473,1,1980,,0
474,1,1980,TV-Y7,0
475,1,1980,PG,0
476,1,1980,G,0
477,1,1980,NC-17,0
478,1,1980,TV-Y7-FV,0
479,1,1980,UR,0
480,1,1974,TV-MA,0
481,1,1974,R,0
482,1,1974,PG-13,0
483,1,1974,TV-14,1
484,1,1974,TV-PG,0
485,1,1974,NR,0
486,1,1974,TV-G,0
487,1,1974,TV-Y,0
488,1,1974,,0
489,1,1974,TV-Y7,0
490,1,1974,PG,0
491,1,1974,G,0
492,1,1974,NC-17,0
493,1,1974,TV-Y7-FV,0
494,1,1974,UR,0
495,1,2001,TV-MA,0
496,1,2001,R,0
497,1,2001,PG-13,0
498,1,2001,TV-14,2
499,1,2001,TV-PG,0
500,1,2001,NR,0
501,1,2001,TV-G,1
502,1,2001,TV-Y,0
503,1,2001,,0
504,1,2001,TV-Y7,1
505,1,2001,PG,0
506,1,2001,G,0
507,1,2001,NC-17,0
508,1,2001,TV-Y7-FV,0
509,1,2001,UR,0
510,1,1999,TV-MA,1
511,1,1999,R,0
512,1,1999,PG-13,0
513,1,1999,TV-14,4
514,1,1999,TV-PG,0
515,1,1999,NR,0
516,1,1999,TV-G,0
517,1,1999,TV-Y,0
518,1,1999,,0
519,1,1999,TV-Y7,2
520,1,1999,PG,0
521,1,1999,G,0
522,1,1999,NC-17,0
523,1,1999,TV-Y7-FV,0
524,1,1999,UR,0
525,1,1966,TV-MA,0
526,1,1966,R,0
527,1,1966,PG-13,0
528,1,1966,TV-14,0
529,1,1966,TV-PG,0
530,1,1966,NR,0
531,1,1966,TV-G,0
532,1,1966,TV-Y,0
533,1,1966,,0
534,1,1966,TV-Y7,0
535,1,1966,PG,0
536,1,1966,G,0
537,1,1966,NC-17,0
538,1,1966,TV-Y7-FV,0
539,1,1966,UR,0
540,1,1991,TV-MA,0
541,1,1991,R,0
542,1,1991,PG-13,0
543,1,1991,TV-14,0
544,1,1991,TV-PG,0
545,1,1991,NR,0
546,1,1991,TV-G,1
547,1,1991,TV-Y,0
548,1,1991,,0
549,1,1991,TV-Y7,0
550,1,1991,PG,0
551,1,1991,G,0
552,1,1991,NC-17,0
553,1,1991,TV-Y7-FV,0
554,1,1991,UR,0
555,1,1982,TV-MA,0
556,1,1982,R,0
557,1,1982,PG-13,0
558,1,1982,TV-14,0
559,1,1982,TV-PG,0
560,1,1982,NR,0
561,1,1982,TV-G,0
562,1,1982,TV-Y,0
563,1,1982,,0
564,1,1982,TV-Y7,0
565,1,1982,PG,0
566,1,1982,G,0
567,1,1982,NC-17,0
568,1,1982,TV-Y7-FV,0
569,1,1982,UR,0
570,1,1994,TV-MA,0
571,1,1994,R,0
572,1,1994,PG-13,0
573,1,1994,TV-14,0
574,1,1994,TV-PG,0
575,1,1994,NR,0
576,1,1994,TV-G,1
577,1,1994,TV-Y,0
578,1,1994,,0
579,1,1994,TV-Y7,0
580,1,1994,PG,0
581,1,1994,G,0
582,1,1994,NC-17,0
583,1,1994,TV-Y7-FV,0
584,1,1994,UR,0
585,1,1995,TV-MA,1
586,1,1995,R,0
587,1,1995,PG-13,0
588,1,1995,TV-14,0
589,1,1995,TV-PG,0
590,1,1995,NR,0
591,1,1995,TV-G,1
592,1,1995,TV-Y,0
593,1,1995,,0
594,1,1995,TV-Y7,0
595,1,1995,PG,0
596,1,1995,G,0
597,1,1995,NC-17,0
598,1,1995,TV-Y7-FV,0
599,1,1995,UR,0
600,1,1978,TV-MA,0
601,1,1978,R,0
602,1,1978,PG-13,0
603,1,1978,TV-14,0
604,1,1978,TV-PG,0
605,1,1978,NR,0
606,1,1978,TV-G,0
607,1,1978,TV-Y,0
608,1,1978,,0
609,1,1978,TV-Y7,0
610,1,1978,PG,0
611,1,1978,G,0
612,1,1978,NC-17,0
613,1,1978,TV-Y7-FV,0
614,1,1978,UR,0
615,1,1992,TV-MA,0
616,1,1992,R,0
617,1,1992,PG-13,0
618,1,1992,TV-14,0
619,1,1992,TV-PG,1
620,1,1992,NR,0
621,1,1992,TV-G,0
622,1,1992,TV-Y,1
623,1,1992,,0
624,1,1992,TV-Y7,0
625,1,1992,PG,0
626,1,1992,G,0
627,1,1992,NC-17,0
628,1,1992,TV-Y7-FV,0
629,1,1992,UR,0
630,1,1972,TV-MA,1
631,1,1972,R,0
632,1,1972,PG-13,0
633,1,1972,TV-14,0
634,1,1972,TV-PG,0
635,1,1972,NR,0
636,1,1972,TV-G,0
637,1,1972,TV-Y,0
638,1,1972,,0
639,1,1972,TV-Y7,0
640,1,1972,PG,0
641,1,1972,G,0
642,1,1972,NC-17,0
643,1,1972,TV-Y7-FV,0
644,1,1972,UR,0
645,1,1975,TV-MA,0
646,1,1975,R,0
647,1,1975,PG-13,0
648,1,1975,TV-14,0
649,1,1975,TV-PG,0
650,1,1975,NR,0
651,1,1975,TV-G,0
652,1,1975,TV-Y,0
653,1,1975,,0
654,1,1975,TV-Y7,0
655,1,1975,PG,0
656,1,1975,G,0
657,1,1975,NC-17,0
658,1,1975,TV-Y7-FV,0
659,1,1975,UR,0
660,1,2021,TV-MA,8
661,1,2021,R,0
662,1,2021,PG-13,0
663,1,2021,TV-14,4
664,1,2021,TV-PG,1
665,1,2021,NR,0
666,1,2021,TV-G,2
667,1,2021,TV-Y,2
668,1,2021,,0
669,1,2021,TV-Y7,2
670,1,2021,PG,0
671,1,2021,G,0
672,1,2021,NC-17,0
673,1,2021,TV-Y7-FV,0
674,1,2021,UR,0
675,1,1973,TV-MA,0
676,1,1973,R,0
677,1,1973,PG-13,0
678,1,1973,TV-14,0
679,1,1973,TV-PG,0
680,1,1973,NR,0
681,1,1973,TV-G,0
682,1,1973,TV-Y,0
683,1,1973,,0
684,1,1973,TV-Y7,0
685,1,1973,PG,0
686,1,1973,G,0
687,1,1973,NC-17,0
688,1,1973,TV-Y7-FV,0
689,1,1973,UR,0
690,1,1967,TV-MA,0
691,1,1967,R,0
692,1,1967,PG-13,0
693,1,1967,TV-14,0
694,1,1967,TV-PG,0
695,1,1967,NR,0
696,1,1967,TV-G,1
697,1,1967,TV-Y,0
698,1,1967,,0
699,1,1967,TV-Y7,0
700,1,1967,PG,0
701,1,1967,G,0
702,1,1967,NC-17,0
703,1,1967,TV-Y7-FV,0
704,1,1967,UR,0
705,1,1960,TV-MA,0
706,1,1960,R,0
707,1,1960,PG-13,0
708,1,1960,TV-14,0
709,1,1960,TV-PG,0
710,1,1960,NR,0
711,1,1960,TV-G,0
712,1,1960,TV-Y,0
713,1,1960,,0
714,1,1960,TV-Y7,0
715,1,1960,PG,0
716,1,1960,G,0
717,1,1960,NC-17,0
718,1,1960,TV-Y7-FV,0
719,1,1960,UR,0
720,1,1981,TV-MA,0
721,1,1981,R,0
722,1,1981,PG-13,0
723,1,1981,TV-14,0
724,1,1981,TV-PG,0
725,1,1981,NR,0
726,1,1981,TV-G,0
727,1,1981,TV-Y,0
728,1,1981,,0
729,1,1981,TV-Y7,1
730,1,1981,PG,0
731,1,1981,G,0
732,1,1981,NC-17,0
733,1,1981,TV-Y7-FV,0
734,1,1981,UR,0
735,1,1958,TV-MA,0
736,1,1958,R,0
737,1,1958,PG-13,0
738,1,1958,TV-14,0
739,1,1958,TV-PG,0
740,1,1958,NR,0
741,1,1958,TV-G,0
742,1,1958,TV-Y,0
743,1,1958,,0
744,1,1958,TV-Y7,0
745,1,1958,PG,0
746,1,1958,G,0
747,1,1958,NC-17,0
748,1,1958,TV-Y7-FV,0
749,1,1958,UR,0
750,1,1976,TV-MA,0
751,1,1976,R,0
752,1,1976,PG-13,0
753,1,1976,TV-14,0
754,1,1976,TV-PG,0
755,1,1976,NR,0
756,1,1976,TV-G,0
757,1,1976,TV-Y,0
758,1,1976,,0
759,1,1976,TV-Y7,0
760,1,1976,PG,0
761,1,1976,G,0
762,1,1976,NC-17,0
763,1,1976,TV-Y7-FV,0
764,1,1976,UR,0
765,1,1968,TV-MA,0
766,1,1968,R,0
767,1,1968,PG-13,0
768,1,1968,TV-14,1
769,1,1968,TV-PG,0
770,1,1968,NR,0
771,1,1968,TV-G,0
772,1,1968,TV-Y,0
773,1,1968,,0
774,1,1968,TV-Y7,0
775,1,1968,PG,0
776,1,1968,G,0
777,1,1968,NC-17,0
778,1,1968,TV-Y7-FV,0
779,1,1968,UR,0
780,1,1956,TV-MA,0
781,1,1956,R,0
782,1,1956,PG-13,0
783,1,1956,TV-14,0
784,1,1956,TV-PG,0
785,1,1956,NR,0
786,1,1956,TV-G,0
787,1,1956,TV-Y,0
788,1,1956,,0
789,1,1956,TV-Y7,0
790,1,1956,PG,0
791,1,1956,G,0
792,1,1956,NC-17,0
793,1,1956,TV-Y7-FV,0
794,1,1956,UR,0
795,1,1985,TV-MA,1
796,1,1985,R,0
797,1,1985,PG-13,0
798,1,1985,TV-14,0
799,1,1985,TV-PG,0
800,1,1985,NR,0
801,1,1985,TV-G,0
802,1,1985,TV-Y,0
803,1,1985,,0
804,1,1985,TV-Y7,0
805,1,1985,PG,0
806,1,1985,G,0
807,1,1985,NC-17,0
808,1,1985,TV-Y7-FV,0
809,1,1985,UR,0
810,1,1965,TV-MA,0
811,1,1965,R,0
812,1,1965,PG-13,0
813,1,1965,TV-14,0
814,1,1965,TV-PG,0
815,1,1965,NR,0
816,1,1965,TV-G,0
817,1,1965,TV-Y,0
818,1,1965,,0
819,1,1965,TV-Y7,0
820,1,1965,PG,0
821,1,1965,G,0
822,1,1965,NC-17,0
823,1,1965,TV-Y7-FV,0
824,1,1965,UR,0
825,1,1984,TV-MA,0
826,1,1984,R,0
827,1,1984,PG-13,0
828,1,1984,TV-14,0
829,1,1984,TV-PG,0
830,1,1984,NR,0
831,1,1984,TV-G,0
832,1,1984,TV-Y,0
833,1,1984,,0
834,1,1984,TV-Y7,0
835,1,1984,PG,0
836,1,1984,G,0
837,1,1984,NC-17,0
838,1,1984,TV-Y7-FV,0
839,1,1984,UR,0
840,1,1983,TV-MA,0
841,1,1983,R,0
842,1,1983,PG-13,0
843,1,1983,TV-14,0
844,1,1983,TV-PG,0
845,1,1983,NR,0
846,1,1983,TV-G,0
847,1,1983,TV-Y,0
848,1,1983,,0
849,1,1983,TV-Y7,0
850,1,1983,PG,0
851,1,1983,G,0
852,1,1983,NC-17,0
853,1,1983,TV-Y7-FV,0
854,1,1983,UR,0
855,1,1987,TV-MA,0
856,1,1987,R,0
857,1,1987,PG-13,0
858,1,1987,TV-14,0
859,1,1987,TV-PG,0
860,1,1987,NR,0
861,1,1987,TV-G,0
862,1,1987,TV-Y,0
863,1,1987,,0
864,1,1987,TV-Y7,0
865,1,1987,PG,0
866,1,1987,G,0
867,1,1987,NC-17,0
868,1,1987,TV-Y7-FV,0
869,1,1987,UR,0
870,1,1945,TV-MA,0
871,1,1945,R,0
872,1,1945,PG-13,0
873,1,1945,TV-14,0
874,1,1945,TV-PG,0
875,1,1945,NR,0
876,1,1945,TV-G,0
877,1,1945,TV-Y,0
878,1,1945,,0
879,1,1945,TV-Y7,0
880,1,1945,PG,0
881,1,1945,G,0
882,1,1945,NC-17,0
883,1,1945,TV-Y7-FV,0
884,1,1945,UR,0
885,1,1946,TV-MA,0
886,1,1946,R,0
887,1,1946,PG-13,0
888,1,1946,TV-14,1
889,1,1946,TV-PG,0
890,1,1946,NR,0
891,1,1946,TV-G,0
892,1,1946,TV-Y,0
893,1,1946,,0
894,1,1946,TV-Y7,0
895,1,1946,PG,0
896,1,1946,G,0
897,1,1946,NC-17,0
898,1,1946,TV-Y7-FV,0
899,1,1946,UR,0
900,1,1962,TV-MA,0
901,1,1962,R,0
902,1,1962,PG-13,0
903,1,1962,TV-14,0
904,1,1962,TV-PG,0
905,1,1962,NR,0
906,1,1962,TV-G,0
907,1,1962,TV-Y,0
908,1,1962,,0
909,1,1962,TV-Y7,0
910,1,1962,PG,0
911,1,1962,G,0
912,1,1962,NC-17,0
913,1,1962,TV-Y7-FV,0
914,1,1962,UR,0
915,1,1925,TV-MA,0
916,1,1925,R,0
917,1,1925,PG-13,0
918,1,1925,TV-14,1
919,1,1925,TV-PG,0
920,1,1925,NR,0
921,1,1925,TV-G,0
922,1,1925,TV-Y,0
923,1,1925,,0
924,1,1925,TV-Y7,0
925,1,1925,PG,0
926,1,1925,G,0
927,1,1925,NC-17,0
928,1,1925,TV-Y7-FV,0
929,1,1925,UR,0
930,1,1942,TV-MA,0
931,1,1942,R,0
932,1,1942,PG-13,0
933,1,1942,TV-14,0
934,1,1942,TV-PG,0
935,1,1942,NR,0
936,1,1942,TV-G,0
937,1,1942,TV-Y,0
938,1,1942,,0
939,1,1942,TV-Y7,0
940,1,1942,PG,0
941,1,1942,G,0
942,1,1942,NC-17,0
943,1,1942,TV-Y7-FV,0
944,1,1942,UR,0
945,1,1969,TV-MA,0
946,1,1969,R,0
947,1,1969,PG-13,0
948,1,1969,TV-14,0
949,1,1969,TV-PG,0
950,1,1969,NR,0
951,1,1969,TV-G,0
952,1,1969,TV-Y,0
953,1,1969,,0
954,1,1969,TV-Y7,0
955,1,1969,PG,0
956,1,1969,G,0
957,1,1969,NC-17,0
958,1,1969,TV-Y7-FV,0
959,1,1969,UR,0
960,1,1955,TV-MA,0
961,1,1955,R,0
962,1,1955,PG-13,0
963,1,1955,TV-14,0
964,1,1955,TV-PG,0
965,1,1955,NR,0
966,1,1955,TV-G,0
967,1,1955,TV-Y,0
968,1,1955,,0
969,1,1955,TV-Y7,0
970,1,1955,PG,0
971,1,1955,G,0
972,1,1955,NC-17,0
973,1,1955,TV-Y7-FV,0
974,1,1955,UR,0
975,1,1963,TV-MA,0
976,1,1963,R,0
977,1,1963,PG-13,0
978,1,1963,TV-14,1
979,1,1963,TV-PG,0
980,1,1963,NR,0
981,1,1963,TV-G,0
982,1,1963,TV-Y,0
983,1,1963,,0
984,1,1963,TV-Y7,0
985,1,1963,PG,0
986,1,1963,G,0
987,1,1963,NC-17,0
988,1,1963,TV-Y7-FV,0
989,1,1963,UR,0
990,1,1964,TV-MA,0
991,1,1964,R,0
992,1,1964,PG-13,0
993,1,1964,TV-14,0
994,1,1964,TV-PG,0
995,1,1964,NR,0
996,1,1964,TV-G,0
997,1,1964,TV-Y,0
998,1,1964,,0
999,1,1964,TV-Y7,0
1000,1,1964,PG,0
1001,1,1964,G,0
1002,1,1964,NC-17,0
1003,1,1964,TV-Y7-FV,0
1004,1,1964,UR,0
1005,1,1954,TV-MA,0
1006,1,1954,R,0
1007,1,1954,PG-13,0
1008,1,1954,TV-14,0
1009,1,1954,TV-PG,0
1010,1,1954,NR,0
1011,1,1954,TV-G,0
1012,1,1954,TV-Y,0
1013,1,1954,,0
1014,1,1954,TV-Y7,0
1015,1,1954,PG,0
1016,1,1954,G,0
1017,1,1954,NC-17,0
1018,1,1954,TV-Y7-FV,0
1019,1,1954,UR,0
1020,1,1970,TV-MA,0
1021,1,1970,R,0
1022,1,1970,PG-13,0
1023,1,1970,TV-14,0
1024,1,1970,TV-PG,0
1025,1,1970,NR,0
1026,1,1970,TV-G,0
1027,1,1970,TV-Y,0
1028,1,1970,,0
1029,1,1970,TV-Y7,0
1030,1,1970,PG,0
1031,1,1970,G,0
1032,1,1970,NC-17,0
1033,1,1970,TV-Y7-FV,0
1034,1,1970,UR,0
1035,1,1944,TV-MA,0
1036,1,1944,R,0
1037,1,1944,PG-13,0
1038,1,1944,TV-14,0
1039,1,1944,TV-PG,0
1040,1,1944,NR,0
1041,1,1944,TV-G,0
1042,1,1944,TV-Y,0
1043,1,1944,,0
1044,1,1944,TV-Y7,0
1045,1,1944,PG,0
1046,1,1944,G,0
1047,1,1944,NC-17,0
1048,1,1944,TV-Y7-FV,0
1049,1,1944,UR,0
1050,1,1947,TV-MA,0
1051,1,1947,R,0
1052,1,1947,PG-13,0
1053,1,1947,TV-14,0
1054,1,1947,TV-PG,0
1055,1,1947,NR,0
1056,1,1947,TV-G,0
1057,1,1947,TV-Y,0
1058,1,1947,,0
1059,1,1947,TV-Y7,0
1060,1,1947,PG,0
1061,1,1947,G,0
1062,1,1947,NC-17,0
1063,1,1947,TV-Y7-FV,0
1064,1,1947,UR,0
1065,1,1959,TV-MA,0
1066,1,1959,R,0
1067,1,1959,PG-13,0
1068,1,1959,TV-14,0
1069,1,1959,TV-PG,0
1070,1,1959,NR,0
1071,1,1959,TV-G,0
1072,1,1959,TV-Y,0
1073,1,1959,,0
1074,1,1959,TV-Y7,0
1075,1,1959,PG,0
1076,1,1959,G,0
1077,1,1959,NC-17,0
1078,1,1959,TV-Y7-FV,0
1079,1,1959,UR,0
1080,1,1943,TV-MA,0
1081,1,1943,R,0
1082,1,1943,PG-13,0
1083,1,1943,TV-14,0
1084,1,1943,TV-PG,0
1085,1,1943,NR,0
1086,1,1943,TV-G,0
1087,1,1943,TV-Y,0
1088,1,1943,,0
1089,1,1943,TV-Y7,0
1090,1,1943,PG,0
1091,1,1943,G,0
1092,1,1943,NC-17,0
1093,1,1943,TV-Y7-FV,0
1094,1,1943,UR,0
1095,2,2020,TV-MA,171
1096,2,2020,R,41
1097,2,2020,PG-13,19
1098,2,2020,TV-14,61
1099,2,2020,TV-PG,35
1100,2,2020,NR,0
1101,2,2020,TV-G,20
1102,2,2020,TV-Y,34
1103,2,2020,,0
1104,2,2020,TV-Y7,14
1105,2,2020,PG,14
1106,2,2020,G,2
1107,2,2020,NC-17,0
1108,2,2020,TV-Y7-FV,0
1109,2,2020,UR,0
1110,2,2016,TV-MA,270
1111,2,2016,R,79
1112,2,2016,PG-13,31
1113,2,2016,TV-14,139
1114,2,2016,TV-PG,51
1115,2,2016,NR,20
1116,2,2016,TV-G,13
1117,2,2016,TV-Y,8
1118,2,2016,,0
1119,2,2016,TV-Y7,13
1120,2,2016,PG,12
1121,2,2016,G,3
1122,2,2016,NC-17,0
1123,2,2016,TV-Y7-FV,2
1124,2,2016,UR,1
1125,2,2011,TV-MA,20
1126,2,2011,R,16
1127,2,2011,PG-13,18
1128,2,2011,TV-14,32
1129,2,2011,TV-PG,11
1130,2,2011,NR,2
1131,2,2011,TV-G,1
1132,2,2011,TV-Y,4
1133,2,2011,,0
1134,2,2011,TV-Y7,5
1135,2,2011,PG,17
1136,2,2011,G,1
1137,2,2011,NC-17,0
1138,2,2011,TV-Y7-FV,0
1139,2,2011,UR,0
1140,2,2009,TV-MA,7
1141,2,2009,R,24
1142,2,2009,PG-13,19
1143,2,2009,TV-14,31
1144,2,2009,TV-PG,9
1145,2,2009,NR,0
1146,2,2009,TV-G,0
1147,2,2009,TV-Y,0
1148,2,2009,,0
1149,2,2009,TV-Y7,1
1150,2,2009,PG,9
1151,2,2009,G,3
1152,2,2009,NC-17,0
1153,2,2009,TV-Y7-FV,0
1154,2,2009,UR,0
1155,2,2008,TV-MA,19
1156,2,2008,R,16
1157,2,2008,PG-13,21
1158,2,2008,TV-14,26
1159,2,2008,TV-PG,7
1160,2,2008,NR,0
1161,2,2008,TV-G,1
1162,2,2008,TV-Y,1
1163,2,2008,,0
1164,2,2008,TV-Y7,2
1165,2,2008,PG,8
1166,2,2008,G,0
1167,2,2008,NC-17,0
1168,2,2008,TV-Y7-FV,0
1169,2,2008,UR,1
1170,2,2019,TV-MA,271
1171,2,2019,R,33
1172,2,2019,PG-13,15
1173,2,2019,TV-14,144
1174,2,2019,TV-PG,60
1175,2,2019,NR,0
1176,2,2019,TV-G,15
1177,2,2019,TV-Y,22
1178,2,2019,,0
1179,2,2019,TV-Y7,10
1180,2,2019,PG,12
1181,2,2019,G,0
1182,2,2019,NC-17,0
1183,2,2019,TV-Y7-FV,0
1184,2,2019,UR,0
1185,2,1997,TV-MA,3
1186,2,1997,R,11
1187,2,1997,PG-13,7
1188,2,1997,TV-14,4
1189,2,1997,TV-PG,0
1190,2,1997,NR,0
1191,2,1997,TV-G,0
1192,2,1997,TV-Y,0
1193,2,1997,,0
1194,2,1997,TV-Y7,0
1195,2,1997,PG,1
1196,2,1997,G,0
1197,2,1997,NC-17,0
1198,2,1997,TV-Y7-FV,0
1199,2,1997,UR,0
1200,2,2017,TV-MA,336
1201,2,2017,R,68
1202,2,2017,PG-13,26
1203,2,2017,TV-14,176
1204,2,2017,TV-PG,79
1205,2,2017,NR,2
1206,2,2017,TV-G,20
1207,2,2017,TV-Y,11
1208,2,2017,,0
1209,2,2017,TV-Y7,8
1210,2,2017,PG,15
1211,2,2017,G,1
1212,2,2017,NC-17,0
1213,2,2017,TV-Y7-FV,0
1214,2,2017,UR,0
1215,2,2018,TV-MA,348
1216,2,2018,R,43
1217,2,2018,PG-13,26
1218,2,2018,TV-14,172
1219,2,2018,TV-PG,70
1220,2,2018,NR,1
1221,2,2018,TV-G,18
1222,2,2018,TV-Y,13
1223,2,2018,,0
1224,2,2018,TV-Y7,9
1225,2,2018,PG,30
1226,2,2018,G,2
1227,2,2018,NC-17,1
1228,2,2018,TV-Y7-FV,1
1229,2,2018,UR,0
1230,2,2014,TV-MA,58
1231,2,2014,R,42
1232,2,2014,PG-13,14
1233,2,2014,TV-14,63
1234,2,2014,TV-PG,26
1235,2,2014,NR,7
1236,2,2014,TV-G,3
1237,2,2014,TV-Y,6
1238,2,2014,,0
1239,2,2014,TV-Y7,7
1240,2,2014,PG,15
1241,2,2014,G,2
1242,2,2014,NC-17,1
1243,2,2014,TV-Y7-FV,0
1244,2,2014,UR,0
1245,2,2015,TV-MA,130
1246,2,2015,R,60
1247,2,2015,PG-13,23
1248,2,2015,TV-14,88
1249,2,2015,TV-PG,35
1250,2,2015,NR,17
1251,2,2015,TV-G,6
1252,2,2015,TV-Y,9
1253,2,2015,,0
1254,2,2015,TV-Y7,3
1255,2,2015,PG,9
1256,2,2015,G,0
1257,2,2015,NC-17,0
1258,2,2015,TV-Y7-FV,0
1259,2,2015,UR,0
1260,2,2010,TV-MA,29
1261,2,2010,R,22
1262,2,2010,PG-13,19
1263,2,2010,TV-14,33
1264,2,2010,TV-PG,10
1265,2,2010,NR,6
1266,2,2010,TV-G,3
1267,2,2010,TV-Y,2
1268,2,2010,,0
1269,2,2010,TV-Y7,4
1270,2,2010,PG,7
1271,2,2010,G,0
1272,2,2010,NC-17,0
1273,2,2010,TV-Y7-FV,0
1274,2,2010,UR,0
1275,2,2005,TV-MA,2
1276,2,2005,R,10
1277,2,2005,PG-13,12
1278,2,2005,TV-14,22
1279,2,2005,TV-PG,9
1280,2,2005,NR,0
1281,2,2005,TV-G,0
1282,2,2005,TV-Y,0
1283,2,2005,,0
1284,2,2005,TV-Y7,0
1285,2,2005,PG,4
1286,2,2005,G,2
1287,2,2005,NC-17,0
1288,2,2005,TV-Y7-FV,0
1289,2,2005,UR,0
1290,2,2013,TV-MA,44
1291,2,2013,R,35
1292,2,2013,PG-13,11
1293,2,2013,TV-14,54
1294,2,2013,TV-PG,20
1295,2,2013,NR,6
1296,2,2013,TV-G,5
1297,2,2013,TV-Y,4
1298,2,2013,,0
1299,2,2013,TV-Y7,8
1300,2,2013,PG,13
1301,2,2013,G,0
1302,2,2013,NC-17,1
1303,2,2013,TV-Y7-FV,1
1304,2,2013,UR,0
1305,2,2012,TV-MA,36
1306,2,2012,R,25
1307,2,2012,PG-13,18
1308,2,2012,TV-14,46
1309,2,2012,TV-PG,10
1310,2,2012,NR,5
1311,2,2012,TV-G,2
1312,2,2012,TV-Y,1
1313,2,2012,,0
1314,2,2012,TV-Y7,8
1315,2,2012,PG,6
1316,2,2012,G,0
1317,2,2012,NC-17,0
1318,2,2012,TV-Y7-FV,1
1319,2,2012,UR,0
1320,2,2006,TV-MA,12
1321,2,2006,R,8
1322,2,2006,PG-13,12
1323,2,2006,TV-14,20
1324,2,2006,TV-PG,10
1325,2,2006,NR,1
1326,2,2006,TV-G,0
1327,2,2006,TV-Y,0
1328,2,2006,,0
1329,2,2006,TV-Y7,1
1330,2,2006,PG,8
1331,2,2006,G,0
1332,2,2006,NC-17,0
1333,2,2006,TV-Y7-FV,0
1334,2,2006,UR,0
1335,2,2000,TV-MA,1
1336,2,2000,R,7
1337,2,2000,PG-13,8
1338,2,2000,TV-14,5
1339,2,2000,TV-PG,3
1340,2,2000,NR,0
1341,2,2000,TV-G,0
1342,2,2000,TV-Y,0
1343,2,2000,,0
1344,2,2000,TV-Y7,0
1345,2,2000,PG,4
1346,2,2000,G,2
1347,2,2000,NC-17,0
1348,2,2000,TV-Y7-FV,0
1349,2,2000,UR,0
1350,2,2003,TV-MA,7
1351,2,2003,R,10
1352,2,2003,PG-13,7
1353,2,2003,TV-14,9
1354,2,2003,TV-PG,1
1355,2,2003,NR,0
1356,2,2003,TV-G,0
1357,2,2003,TV-Y,1
1358,2,2003,,0
1359,2,2003,TV-Y7,0
1360,2,2003,PG,5
1361,2,2003,G,0
1362,2,2003,NC-17,0
1363,2,2003,TV-Y7-FV,0
1364,2,2003,UR,0
1365,2,1989,TV-MA,2
1366,2,1989,R,0
1367,2,1989,PG-13,1
1368,2,1989,TV-14,4
1369,2,1989,TV-PG,2
1370,2,1989,NR,0
1371,2,1989,TV-G,0
1372,2,1989,TV-Y,0
1373,2,1989,,0
1374,2,1989,TV-Y7,0
1375,2,1989,PG,2
1376,2,1989,G,1
1377,2,1989,NC-17,0
1378,2,1989,TV-Y7-FV,0
1379,2,1989,UR,0
1380,2,2004,TV-MA,9
1381,2,2004,R,5
1382,2,2004,PG-13,6
1383,2,2004,TV-14,10
1384,2,2004,TV-PG,8
1385,2,2004,NR,1
1386,2,2004,TV-G,0
1387,2,2004,TV-Y,0
1388,2,2004,,0
1389,2,2004,TV-Y7,0
1390,2,2004,PG,8
1391,2,2004,G,3
1392,2,2004,NC-17,0
1393,2,2004,TV-Y7-FV,0
1394,2,2004,UR,0
1395,2,1977,TV-MA,1
1396,2,1977,R,0
1397,2,1977,PG-13,0
1398,2,1977,TV-14,1
1399,2,1977,TV-PG,1
1400,2,1977,NR,0
1401,2,1977,TV-G,0
1402,2,1977,TV-Y,0
1403,2,1977,,0
1404,2,1977,TV-Y7,0
1405,2,1977,PG,2
1406,2,1977,G,1
1407,2,1977,NC-17,0
1408,2,1977,TV-Y7-FV,0
1409,2,1977,UR,0
1410,2,1971,TV-MA,0
1411,2,1971,R,1
1412,2,1971,PG-13,0
1413,2,1971,TV-14,2
1414,2,1971,TV-PG,0
1415,2,1971,NR,0
1416,2,1971,TV-G,0
1417,2,1971,TV-Y,0
1418,2,1971,,0
1419,2,1971,TV-Y7,0
1420,2,1971,PG,0
1421,2,1971,G,2
1422,2,1971,NC-17,0
1423,2,1971,TV-Y7-FV,0
1424,2,1971,UR,0
1425,2,1993,TV-MA,2
1426,2,1993,R,3
1427,2,1993,PG-13,4
1428,2,1993,TV-14,6
1429,2,1993,TV-PG,1
1430,2,1993,NR,0
1431,2,1993,TV-G,0
1432,2,1993,TV-Y,0
1433,2,1993,,0
1434,2,1993,TV-Y7,0
1435,2,1993,PG,2
1436,2,1993,G,0
1437,2,1993,NC-17,0
1438,2,1993,TV-Y7-FV,0
1439,2,1993,UR,0
1440,2,2007,TV-MA,11
1441,2,2007,R,13
1442,2,2007,PG-13,13
1443,2,2007,TV-14,14
1444,2,2007,TV-PG,5
1445,2,2007,NR,2
1446,2,2007,TV-G,0
1447,2,2007,TV-Y,1
1448,2,2007,,0
1449,2,2007,TV-Y7,0
1450,2,2007,PG,10
1451,2,2007,G,1
1452,2,2007,NC-17,0
1453,2,2007,TV-Y7-FV,0
1454,2,2007,UR,2
1455,2,1998,TV-MA,6
1456,2,1998,R,7
1457,2,1998,PG-13,5
1458,2,1998,TV-14,6
1459,2,1998,TV-PG,1
1460,2,1998,NR,1
1461,2,1998,TV-G,0
1462,2,1998,TV-Y,0
1463,2,1998,,0
1464,2,1998,TV-Y7,0
1465,2,1998,PG,0
1466,2,1998,G,1
1467,2,1998,NC-17,0
1468,2,1998,TV-Y7-FV,0
1469,2,1998,UR,0
1470,2,1988,TV-MA,1
1471,2,1988,R,4
1472,2,1988,PG-13,3
1473,2,1988,TV-14,2
1474,2,1988,TV-PG,4
1475,2,1988,NR,0
1476,2,1988,TV-G,0
1477,2,1988,TV-Y,0
1478,2,1988,,0
1479,2,1988,TV-Y7,0
1480,2,1988,PG,0
1481,2,1988,G,0
1482,2,1988,NC-17,0
1483,2,1988,TV-Y7-FV,0
1484,2,1988,UR,0
1485,2,1996,TV-MA,0
1486,2,1996,R,8
1487,2,1996,PG-13,3
1488,2,1996,TV-14,4
1489,2,1996,TV-PG,0
1490,2,1996,NR,0
1491,2,1996,TV-G,0
1492,2,1996,TV-Y,0
1493,2,1996,,0
1494,2,1996,TV-Y7,0
1495,2,1996,PG,1
1496,2,1996,G,0
1497,2,1996,NC-17,0
1498,2,1996,TV-Y7-FV,0
1499,2,1996,UR,0
1500,2,2002,TV-MA,5
1501,2,2002,R,10
1502,2,2002,PG-13,13
1503,2,2002,TV-14,6
1504,2,2002,TV-PG,1
1505,2,2002,NR,0
1506,2,2002,TV-G,0
1507,2,2002,TV-Y,0
1508,2,2002,,0
1509,2,2002,TV-Y7,0
1510,2,2002,PG,4
1511,2,2002,G,0
1512,2,2002,NC-17,0
1513,2,2002,TV-Y7-FV,0
1514,2,2002,UR,0
1515,2,1986,TV-MA,1
1516,2,1986,R,2
1517,2,1986,PG-13,1
1518,2,1986,TV-14,3
1519,2,1986,TV-PG,0
1520,2,1986,NR,0
1521,2,1986,TV-G,0
1522,2,1986,TV-Y,0
1523,2,1986,,0
1524,2,1986,TV-Y7,0
1525,2,1986,PG,0
1526,2,1986,G,1
1527,2,1986,NC-17,0
1528,2,1986,TV-Y7-FV,0
1529,2,1986,UR,0
1530,2,1990,TV-MA,3
1531,2,1990,R,3
1532,2,1990,PG-13,3
1533,2,1990,TV-14,7
1534,2,1990,TV-PG,0
1535,2,1990,NR,0
1536,2,1990,TV-G,0
1537,2,1990,TV-Y,0
1538,2,1990,,0
1539,2,1990,TV-Y7,0
1540,2,1990,PG,1
1541,2,1990,G,0
1542,2,1990,NC-17,0
1543,2,1990,TV-Y7-FV,0
1544,2,1990,UR,0
1545,2,1979,TV-MA,2
1546,2,1979,R,2
1547,2,1979,PG-13,1
1548,2,1979,TV-14,3
1549,2,1979,TV-PG,1
1550,2,1979,NR,0
1551,2,1979,TV-G,0
1552,2,1979,TV-Y,0
1553,2,1979,,0
1554,2,1979,TV-Y7,0
1555,2,1979,PG,1
1556,2,1979,G,0
1557,2,1979,NC-17,0
1558,2,1979,TV-Y7-FV,0
1559,2,1979,UR,0
1560,2,1980,TV-MA,0
1561,2,1980,R,3
1562,2,1980,PG-13,0
1563,2,1980,TV-14,4
1564,2,1980,TV-PG,1
1565,2,1980,NR,0
1566,2,1980,TV-G,0
1567,2,1980,TV-Y,0
1568,2,1980,,0
1569,2,1980,TV-Y7,0
1570,2,1980,PG,1
1571,2,1980,G,0
1572,2,1980,NC-17,0
1573,2,1980,TV-Y7-FV,0
1574,2,1980,UR,0
1575,2,1974,TV-MA,0
1576,2,1974,R,2
1577,2,1974,PG-13,0
1578,2,1974,TV-14,1
1579,2,1974,TV-PG,1
1580,2,1974,NR,0
1581,2,1974,TV-G,0
1582,2,1974,TV-Y,0
1583,2,1974,,0
1584,2,1974,TV-Y7,0
1585,2,1974,PG,1
1586,2,1974,G,0
1587,2,1974,NC-17,0
1588,2,1974,TV-Y7-FV,0
1589,2,1974,UR,1
1590,2,2001,TV-MA,1
1591,2,2001,R,12
1592,2,2001,PG-13,4
1593,2,2001,TV-14,5
1594,2,2001,TV-PG,3
1595,2,2001,NR,1
1596,2,2001,TV-G,0
1597,2,2001,TV-Y,0
1598,2,2001,,0
1599,2,2001,TV-Y7,1
1600,2,2001,PG,3
1601,2,2001,G,2
1602,2,2001,NC-17,0
1603,2,2001,TV-Y7-FV,0
1604,2,2001,UR,0
1605,2,1999,TV-MA,3
1606,2,1999,R,6
1607,2,1999,PG-13,7
1608,2,1999,TV-14,2
1609,2,1999,TV-PG,2
1610,2,1999,NR,0
1611,2,1999,TV-G,2
1612,2,1999,TV-Y,0
1613,2,1999,,0
1614,2,1999,TV-Y7,0
1615,2,1999,PG,2
1616,2,1999,G,2
1617,2,1999,NC-17,0
1618,2,1999,TV-Y7-FV,0
1619,2,1999,UR,0
1620,2,1966,TV-MA,0
1621,2,1966,R,0
1622,2,1966,PG-13,0
1623,2,1966,TV-14,0
1624,2,1966,TV-PG,1
1625,2,1966,NR,0
1626,2,1966,TV-G,0
1627,2,1966,TV-Y,0
1628,2,1966,,0
1629,2,1966,TV-Y7,0
1630,2,1966,PG,0
1631,2,1966,G,0
1632,2,1966,NC-17,0
1633,2,1966,TV-Y7-FV,0
1634,2,1966,UR,0
1635,2,1991,TV-MA,5
1636,2,1991,R,1
1637,2,1991,PG-13,2
1638,2,1991,TV-14,2
1639,2,1991,TV-PG,1
1640,2,1991,NR,2
1641,2,1991,TV-G,0
1642,2,1991,TV-Y,0
1643,2,1991,,0
1644,2,1991,TV-Y7,0
1645,2,1991,PG,2
1646,2,1991,G,1
1647,2,1991,NC-17,0
1648,2,1991,TV-Y7-FV,0
1649,2,1991,UR,0
1650,2,1982,TV-MA,1
1651,2,1982,R,2
1652,2,1982,PG-13,0
1653,2,1982,TV-14,8
1654,2,1982,TV-PG,2
1655,2,1982,NR,0
1656,2,1982,TV-G,0
1657,2,1982,TV-Y,0
1658,2,1982,,0
1659,2,1982,TV-Y7,0
1660,2,1982,PG,2
1661,2,1982,G,0
1662,2,1982,NC-17,0
1663,2,1982,TV-Y7-FV,0
1664,2,1982,UR,0
1665,2,1994,TV-MA,1
1666,2,1994,R,3
1667,2,1994,PG-13,2
1668,2,1994,TV-14,6
1669,2,1994,TV-PG,1
1670,2,1994,NR,0
1671,2,1994,TV-G,0
1672,2,1994,TV-Y,0
1673,2,1994,,0
1674,2,1994,TV-Y7,0
1675,2,1994,PG,2
1676,2,1994,G,0
1677,2,1994,NC-17,0
1678,2,1994,TV-Y7-FV,0
1679,2,1994,UR,0
1680,2,1995,TV-MA,0
1681,2,1995,R,3
1682,2,1995,PG-13,6
1683,2,1995,TV-14,3
1684,2,1995,TV-PG,2
1685,2,1995,NR,0
1686,2,1995,TV-G,0
1687,2,1995,TV-Y,0
1688,2,1995,,0
1689,2,1995,TV-Y7,0
1690,2,1995,PG,2
1691,2,1995,G,1
1692,2,1995,NC-17,0
1693,2,1995,TV-Y7-FV,0
1694,2,1995,UR,0
1695,2,1978,TV-MA,2
1696,2,1978,R,1
1697,2,1978,PG-13,0
1698,2,1978,TV-14,0
1699,2,1978,TV-PG,1
1700,2,1978,NR,0
1701,2,1978,TV-G,1
1702,2,1978,TV-Y,0
1703,2,1978,,0
1704,2,1978,TV-Y7,0
1705,2,1978,PG,1
1706,2,1978,G,0
1707,2,1978,NC-17,0
1708,2,1978,TV-Y7-FV,0
1709,2,1978,UR,0
1710,2,1992,TV-MA,3
1711,2,1992,R,8
1712,2,1992,PG-13,1
1713,2,1992,TV-14,2
1714,2,1992,TV-PG,0
1715,2,1992,NR,0
1716,2,1992,TV-G,0
1717,2,1992,TV-Y,0
1718,2,1992,,0
1719,2,1992,TV-Y7,0
1720,2,1992,PG,2
1721,2,1992,G,0
1722,2,1992,NC-17,0
1723,2,1992,TV-Y7-FV,0
1724,2,1992,UR,0
1725,2,1972,TV-MA,0
1726,2,1972,R,1
1727,2,1972,PG-13,0
1728,2,1972,TV-14,1
1729,2,1972,TV-PG,1
1730,2,1972,NR,0
1731,2,1972,TV-G,0
1732,2,1972,TV-Y,0
1733,2,1972,,0
1734,2,1972,TV-Y7,0
1735,2,1972,PG,0
1736,2,1972,G,0
1737,2,1972,NC-17,0
1738,2,1972,TV-Y7-FV,0
1739,2,1972,UR,0
1740,2,1975,TV-MA,2
1741,2,1975,R,0
1742,2,1975,PG-13,0
1743,2,1975,TV-14,2
1744,2,1975,TV-PG,1
1745,2,1975,NR,0
1746,2,1975,TV-G,0
1747,2,1975,TV-Y,0
1748,2,1975,,0
1749,2,1975,TV-Y7,0
1750,2,1975,PG,1
1751,2,1975,G,0
1752,2,1975,NC-17,0
1753,2,1975,TV-Y7-FV,0
1754,2,1975,UR,0
1755,2,2021,TV-MA,6
1756,2,2021,R,1
1757,2,2021,PG-13,0
1758,2,2021,TV-14,3
1759,2,2021,TV-PG,1
1760,2,2021,NR,0
1761,2,2021,TV-G,0
1762,2,2021,TV-Y,0
1763,2,2021,,0
1764,2,2021,TV-Y7,1
1765,2,2021,PG,0
1766,2,2021,G,0
1767,2,2021,NC-17,0
1768,2,2021,TV-Y7-FV,0
1769,2,2021,UR,0
1770,2,1973,TV-MA,1
1771,2,1973,R,3
1772,2,1973,PG-13,0
1773,2,1973,TV-14,3
1774,2,1973,TV-PG,0
1775,2,1973,NR,1
1776,2,1973,TV-G,0
1777,2,1973,TV-Y,0
1778,2,1973,,0
1779,2,1973,TV-Y7,0
1780,2,1973,PG,1
1781,2,1973,G,1
1782,2,1973,NC-17,0
1783,2,1973,TV-Y7-FV,0
1784,2,1973,UR,0
1785,2,1967,TV-MA,1
1786,2,1967,R,2
1787,2,1967,PG-13,0
1788,2,1967,TV-14,1
1789,2,1967,TV-PG,0
1790,2,1967,NR,0
1791,2,1967,TV-G,0
1792,2,1967,TV-Y,0
1793,2,1967,,0
1794,2,1967,TV-Y7,0
1795,2,1967,PG,0
1796,2,1967,G,0
1797,2,1967,NC-17,0
1798,2,1967,TV-Y7-FV,0
1799,2,1967,UR,0
1800,2,1960,TV-MA,0
1801,2,1960,R,0
1802,2,1960,PG-13,0
1803,2,1960,TV-14,2
1804,2,1960,TV-PG,2
1805,2,1960,NR,0
1806,2,1960,TV-G,0
1807,2,1960,TV-Y,0
1808,2,1960,,0
1809,2,1960,TV-Y7,0
1810,2,1960,PG,0
1811,2,1960,G,0
1812,2,1960,NC-17,0
1813,2,1960,TV-Y7-FV,0
1814,2,1960,UR,0
1815,2,1981,TV-MA,1
1816,2,1981,R,1
1817,2,1981,PG-13,0
1818,2,1981,TV-14,3
1819,2,1981,TV-PG,1
1820,2,1981,NR,1
1821,2,1981,TV-G,0
1822,2,1981,TV-Y,0
1823,2,1981,,0
1824,2,1981,TV-Y7,0
1825,2,1981,PG,1
1826,2,1981,G,0
1827,2,1981,NC-17,0
1828,2,1981,TV-Y7-FV,0
1829,2,1981,UR,0
1830,2,1958,TV-MA,0
1831,2,1958,R,0
1832,2,1958,PG-13,0
1833,2,1958,TV-14,1
1834,2,1958,TV-PG,0
1835,2,1958,NR,1
1836,2,1958,TV-G,0
1837,2,1958,TV-Y,0
1838,2,1958,,0
1839,2,1958,TV-Y7,0
1840,2,1958,PG,0
1841,2,1958,G,1
1842,2,1958,NC-17,0
1843,2,1958,TV-Y7-FV,0
1844,2,1958,UR,0
1845,2,1976,TV-MA,1
1846,2,1976,R,2
1847,2,1976,PG-13,0
1848,2,1976,TV-14,1
1849,2,1976,TV-PG,2
1850,2,1976,NR,0
1851,2,1976,TV-G,0
1852,2,1976,TV-Y,0
1853,2,1976,,0
1854,2,1976,TV-Y7,0
1855,2,1976,PG,3
1856,2,1976,G,0
1857,2,1976,NC-17,0
1858,2,1976,TV-Y7-FV,0
1859,2,1976,UR,0
1860,2,1968,TV-MA,1
1861,2,1968,R,1
1862,2,1968,PG-13,1
1863,2,1968,TV-14,0
1864,2,1968,TV-PG,0
1865,2,1968,NR,0
1866,2,1968,TV-G,0
1867,2,1968,TV-Y,0
1868,2,1968,,0
1869,2,1968,TV-Y7,0
1870,2,1968,PG,0
1871,2,1968,G,1
1872,2,1968,NC-17,0
1873,2,1968,TV-Y7-FV,0
1874,2,1968,UR,0
1875,2,1956,TV-MA,0
1876,2,1956,R,0
1877,2,1956,PG-13,0
1878,2,1956,TV-14,1
1879,2,1956,TV-PG,0
1880,2,1956,NR,0
1881,2,1956,TV-G,0
1882,2,1956,TV-Y,0
1883,2,1956,,0
1884,2,1956,TV-Y7,0
1885,2,1956,PG,0
1886,2,1956,G,1
1887,2,1956,NC-17,0
1888,2,1956,TV-Y7-FV,0
1889,2,1956,UR,0
1890,2,1985,TV-MA,1
1891,2,1985,R,0
1892,2,1985,PG-13,0
1893,2,1985,TV-14,5
1894,2,1985,TV-PG,0
1895,2,1985,NR,1
1896,2,1985,TV-G,0
1897,2,1985,TV-Y,0
1898,2,1985,,0
1899,2,1985,TV-Y7,0
1900,2,1985,PG,1
1901,2,1985,G,0
1902,2,1985,NC-17,0
1903,2,1985,TV-Y7-FV,0
1904,2,1985,UR,0
1905,2,1965,TV-MA,0
1906,2,1965,R,0
1907,2,1965,PG-13,1
1908,2,1965,TV-14,1
1909,2,1965,TV-PG,0
1910,2,1965,NR,0
1911,2,1965,TV-G,0
1912,2,1965,TV-Y,0
1913,2,1965,,0
1914,2,1965,TV-Y7,0
1915,2,1965,PG,0
1916,2,1965,G,0
1917,2,1965,NC-17,0
1918,2,1965,TV-Y7-FV,0
1919,2,1965,UR,0
1920,2,1984,TV-MA,1
1921,2,1984,R,0
1922,2,1984,PG-13,1
1923,2,1984,TV-14,5
1924,2,1984,TV-PG,0
1925,2,1984,NR,0
1926,2,1984,TV-G,0
1927,2,1984,TV-Y,0
1928,2,1984,,0
1929,2,1984,TV-Y7,0
1930,2,1984,PG,2
1931,2,1984,G,0
1932,2,1984,NC-17,0
1933,2,1984,TV-Y7-FV,0
1934,2,1984,UR,0
1935,2,1983,TV-MA,3
1936,2,1983,R,0
1937,2,1983,PG-13,0
1938,2,1983,TV-14,6
1939,2,1983,TV-PG,0
1940,2,1983,NR,0
1941,2,1983,TV-G,0
1942,2,1983,TV-Y,0
1943,2,1983,,0
1944,2,1983,TV-Y7,0
1945,2,1983,PG,0
1946,2,1983,G,0
1947,2,1983,NC-17,0
1948,2,1983,TV-Y7-FV,0
1949,2,1983,UR,0
1950,2,1987,TV-MA,1
1951,2,1987,R,2
1952,2,1987,PG-13,1
1953,2,1987,TV-14,1
1954,2,1987,TV-PG,1
1955,2,1987,NR,1
1956,2,1987,TV-G,0
1957,2,1987,TV-Y,0
1958,2,1987,,0
1959,2,1987,TV-Y7,0
1960,2,1987,PG,0
1961,2,1987,G,0
1962,2,1987,NC-17,0
1963,2,1987,TV-Y7-FV,0
1964,2,1987,UR,0
1965,2,1945,TV-MA,1
1966,2,1945,R,0
1967,2,1945,PG-13,0
1968,2,1945,TV-14,2
1969,2,1945,TV-PG,0
1970,2,1945,NR,0
1971,2,1945,TV-G,0
1972,2,1945,TV-Y,0
1973,2,1945,,0
1974,2,1945,TV-Y7,0
1975,2,1945,PG,0
1976,2,1945,G,0
1977,2,1945,NC-17,0
1978,2,1945,TV-Y7-FV,0
1979,2,1945,UR,0
1980,2,1946,TV-MA,0
1981,2,1946,R,0
1982,2,1946,PG-13,0
1983,2,1946,TV-14,0
1984,2,1946,TV-PG,1
1985,2,1946,NR,0
1986,2,1946,TV-G,0
1987,2,1946,TV-Y,0
1988,2,1946,,0
1989,2,1946,TV-Y7,0
1990,2,1946,PG,0
1991,2,1946,G,0
1992,2,1946,NC-17,0
1993,2,1946,TV-Y7-FV,0
1994,2,1946,UR,0
1995,2,1962,TV-MA,0
1996,2,1962,R,1
1997,2,1962,PG-13,0
1998,2,1962,TV-14,0
1999,2,1962,TV-PG,2
2000,2,1962,NR,0
2001,2,1962,TV-G,0
2002,2,1962,TV-Y,0
2003,2,1962,,0
2004,2,1962,TV-Y7,0
2005,2,1962,PG,0
2006,2,1962,G,0
2007,2,1962,NC-17,0
2008,2,1962,TV-Y7-FV,0
2009,2,1962,UR,0
2010,2,1925,TV-MA,0
2011,2,1925,R,0
2012,2,1925,PG-13,0
2013,2,1925,TV-14,0
2014,2,1925,TV-PG,0
2015,2,1925,NR,0
2016,2,1925,TV-G,0
2017,2,1925,TV-Y,0
2018,2,1925,,0
2019,2,1925,TV-Y7,0
2020,2,1925,PG,0
2021,2,1925,G,0
2022,2,1925,NC-17,0
2023,2,1925,TV-Y7-FV,0
2024,2,1925,UR,0
2025,2,1942,TV-MA,0
2026,2,1942,R,0
2027,2,1942,PG-13,0
2028,2,1942,TV-14,2
2029,2,1942,TV-PG,0
2030,2,1942,NR,0
2031,2,1942,TV-G,0
2032,2,1942,TV-Y,0
2033,2,1942,,0
2034,2,1942,TV-Y7,0
2035,2,1942,PG,0
2036,2,1942,G,0
2037,2,1942,NC-17,0
2038,2,1942,TV-Y7-FV,0
2039,2,1942,UR,0
2040,2,1969,TV-MA,0
2041,2,1969,R,0
2042,2,1969,PG-13,0
2043,2,1969,TV-14,0
2044,2,1969,TV-PG,1
2045,2,1969,NR,0
2046,2,1969,TV-G,0
2047,2,1969,TV-Y,0
2048,2,1969,,0
2049,2,1969,TV-Y7,0
2050,2,1969,PG,0
2051,2,1969,G,1
2052,2,1969,NC-17,0
2053,2,1969,TV-Y7-FV,0
2054,2,1969,UR,0
2055,2,1955,TV-MA,0
2056,2,1955,R,0
2057,2,1955,PG-13,1
2058,2,1955,TV-14,1
2059,2,1955,TV-PG,1
2060,2,1955,NR,0
2061,2,1955,TV-G,0
2062,2,1955,TV-Y,0
2063,2,1955,,0
2064,2,1955,TV-Y7,0
2065,2,1955,PG,0
2066,2,1955,G,0
2067,2,1955,NC-17,0
2068,2,1955,TV-Y7-FV,0
2069,2,1955,UR,0
2070,2,1963,TV-MA,1
2071,2,1963,R,0
2072,2,1963,PG-13,0
2073,2,1963,TV-14,0
2074,2,1963,TV-PG,0
2075,2,1963,NR,0
2076,2,1963,TV-G,0
2077,2,1963,TV-Y,0
2078,2,1963,,0
2079,2,1963,TV-Y7,0
2080,2,1963,PG,0
2081,2,1963,G,0
2082,2,1963,NC-17,0
2083,2,1963,TV-Y7-FV,0
2084,2,1963,UR,0
2085,2,1964,TV-MA,0
2086,2,1964,R,0
2087,2,1964,PG-13,0
2088,2,1964,TV-14,1
2089,2,1964,TV-PG,0
2090,2,1964,NR,0
2091,2,1964,TV-G,0
2092,2,1964,TV-Y,0
2093,2,1964,,0
2094,2,1964,TV-Y7,0
2095,2,1964,PG,0
2096,2,1964,G,0
2097,2,1964,NC-17,0
2098,2,1964,TV-Y7-FV,0
2099,2,1964,UR,0
2100,2,1954,TV-MA,0
2101,2,1954,R,0
2102,2,1954,PG-13,0
2103,2,1954,TV-14,1
2104,2,1954,TV-PG,0
2105,2,1954,NR,0
2106,2,1954,TV-G,1
2107,2,1954,TV-Y,0
2108,2,1954,,0
2109,2,1954,TV-Y7,0
2110,2,1954,PG,0
2111,2,1954,G,0
2112,2,1954,NC-17,0
2113,2,1954,TV-Y7-FV,0
2114,2,1954,UR,0
2115,2,1970,TV-MA,1
2116,2,1970,R,0
2117,2,1970,PG-13,0
2118,2,1970,TV-14,0
2119,2,1970,TV-PG,1
2120,2,1970,NR,0
2121,2,1970,TV-G,0
2122,2,1970,TV-Y,0
2123,2,1970,,0
2124,2,1970,TV-Y7,0
2125,2,1970,PG,0
2126,2,1970,G,0
2127,2,1970,NC-17,0
2128,2,1970,TV-Y7-FV,0
2129,2,1970,UR,0
2130,2,1944,TV-MA,0
2131,2,1944,R,0
2132,2,1944,PG-13,0
2133,2,1944,TV-14,2
2134,2,1944,TV-PG,1
2135,2,1944,NR,0
2136,2,1944,TV-G,0
2137,2,1944,TV-Y,0
2138,2,1944,,0
2139,2,1944,TV-Y7,0
2140,2,1944,PG,0
2141,2,1944,G,0
2142,2,1944,NC-17,0
2143,2,1944,TV-Y7-FV,0
2144,2,1944,UR,0
2145,2,1947,TV-MA,0
2146,2,1947,R,0
2147,2,1947,PG-13,0
2148,2,1947,TV-14,0
2149,2,1947,TV-PG,1
2150,2,1947,NR,0
2151,2,1947,TV-G,0
2152,2,1947,TV-Y,0
2153,2,1947,,0
2154,2,1947,TV-Y7,0
2155,2,1947,PG,0
2156,2,1947,G,0
2157,2,1947,NC-17,0
2158,2,1947,TV-Y7-FV,0
2159,2,1947,UR,0
2160,2,1959,TV-MA,0
2161,2,1959,R,0
2162,2,1959,PG-13,0
2163,2,1959,TV-14,1
2164,2,1959,TV-PG,0
2165,2,1959,NR,0
2166,2,1959,TV-G,0
2167,2,1959,TV-Y,0
2168,2,1959,,0
2169,2,1959,TV-Y7,0
2170,2,1959,PG,0
2171,2,1959,G,0
2172,2,1959,NC-17,0
2173,2,1959,TV-Y7-FV,0
2174,2,1959,UR,0
2175,2,1943,TV-MA,0
2176,2,1943,R,0
2177,2,1943,PG-13,0
2178,2,1943,TV-14,0
2179,2,1943,TV-PG,3
2180,2,1943,NR,0
2181,2,1943,TV-G,0
2182,2,1943,TV-Y,0
2183,2,1943,,0
2184,2,1943,TV-Y7,0
2185,2,1943,PG,0
2186,2,1943,G,0
2187,2,1943,NC-17,0
2188,2,1943,TV-Y7-FV,0
2189,2,1943,UR,0
